<application>
  <component name="GeneralSettings">
    <option name="confirmExit" value="false" />
    <option name="processCloseConfirmation" value="TERMINATE" />
    <option name="showTipsOnStartup" value="false" />
  </component>
  <component name="Registry">
    <entry key="external.system.auto.import.disabled" value="true" />
    <entry key="cidr.max.intellisense.file.length" value="50000000" />
    <entry key="ide.instant.shutdown" value="false" />
    <entry key="ide.images.show.chessboard" value="true" />
  </component>
</application>