<keymap version="1" name="Mac OS X 10.5+ copy" parent="Mac OS X 10.5+">
  <action id="$EditorTranslateAction">
    <keyboard-shortcut first-keystroke="meta t" />
  </action>
  <action id="ActivateLogcatToolWindow">
    <keyboard-shortcut first-keystroke="meta 6" />
  </action>
  <action id="ActivateTODOToolWindow" />
  <action id="Editor EditorTranslateAction">
    <keyboard-shortcut first-keystroke="meta t" />
  </action>
  <action id="Vcs.UpdateProject" />
  <action id="android.deploy.ApplyChanges">
    <keyboard-shortcut first-keystroke="ctrl meta r" />
  </action>
  <action id="android.deploy.CodeSwap">
    <keyboard-shortcut first-keystroke="shift ctrl meta r" />
  </action>
  <action id="me.scana.okgradle.ok">
    <keyboard-shortcut first-keystroke="meta i" />
  </action>
</keymap>